{
	"class_name" : "PinholeCameraParameters",
	"extrinsic" : 
	[
		0.79813493188974016,
		-0.50742427103181376,
		-0.32480954367935738,
		0.0,
		0.23836419500675241,
		-0.22917975652376968,
		0.94374739720885525,
		0.0,
		-0.55332010720390667,
		-0.83066073000204976,
		-0.061964591472219735,
		0.0,
		91.83267998763327,
		-36.208191209618235,
		295.58915556156938,
		1.0
	],
	"intrinsic" : 
	{
		"height" : 960,
		"intrinsic_matrix" : 
		[
			831.38438763306112,
			0.0,
			0.0,
			0.0,
			831.38438763306112,
			0.0,
			959.5,
			479.5,
			1.0
		],
		"width" : 1920
	},
	"version_major" : 1,
	"version_minor" : 0
}